Q1,Q2_1,Q2_2,Q2_3,Q2_4,Q2_5,Q2_6,Q3,Q4_1,Q4_2,Q4_3,Q4_4,Q4_5,Q4_6,Q5,Q6,Q7,Q8,Q17_1,Q17_2,Q17_3,Q17_4,Q18,Q9
"For this survey, we are defining a “paper laboratory notebook” as a bound, paper notebook with numbered pages in which dated notes on methodology and results of experiments are kept.
Have you used a paper laboratory notebook in a previous laboratory class or research project?","When thinking of using a paper laboratory notebook, how easy have you found the following to be? - Ability to record observations and data","When thinking of using a paper laboratory notebook, how easy have you found the following to be? - Ability to locate previous experimental data/results","When thinking of using a paper laboratory notebook, how easy have you found the following to be? - Access to protocols","When thinking of using a paper laboratory notebook, how easy have you found the following to be? - Ease of producing publication-quality figures","When thinking of using a paper laboratory notebook, how easy have you found the following to be? - Ability to contribute to sustainable practices in the lab","When thinking of using a paper laboratory notebook, how easy have you found the following to be? - Overall ease of use","For this survey, we are defining an “electronic laboratory notebook” as a computer-based file system in which dated notes on methodology and results of experiments are kept.
Have you used an electronic laboratory notebook in a previous laboratory class or research project?","When thinking of using an electronic laboratory notebook, how easy have you found the following to be? - Ability to record observations and data","When thinking of using an electronic laboratory notebook, how easy have you found the following to be? - Ability to locate previous experimental data/results","When thinking of using an electronic laboratory notebook, how easy have you found the following to be? - Access to protocols","When thinking of using an electronic laboratory notebook, how easy have you found the following to be? - Ease of producing publication-quality figures","When thinking of using an electronic laboratory notebook, how easy have you found the following to be? - Ability to contribute to sustainable practices in the lab","When thinking of using an electronic laboratory notebook, how easy have you found the following to be? - Overall ease of use","If given a choice, which style of laboratory notebook would you prefer to use?",Which of the following items do you regularly include in a laboratory notebook entry?,"Which of the following items do you think SHOULD be included in a laboratory notebook entry as ""best practice,"" such as in an industrial setting?","Thinking of the last time you used a laboratory notebook for class or a research project, how often did you access your laboratory notebook outside of the lab space?","Having used ELN's during this semester, how would you judge your change in confidence in the following skills: - Understanding of the purpose of each experiment performed.","Having used ELN's during this semester, how would you judge your change in confidence in the following skills: - Recording observations of experimental procedures while performing them.","Having used ELN's during this semester, how would you judge your change in confidence in the following skills: - Documenting and annotating experimental data.","Having used ELN's during this semester, how would you judge your change in confidence in the following skills: - Summarizing experimental results and their implications.",Do you think use of electronic laboratory notebooks helped or hindered your learning experience in the laboratory?,"Having used ELN's during this semester, do you think use of electronic laboratory notebooks in place of paper laboratory notebooks contributes to sustainable practices in the laboratory?"
"{""ImportId"":""QID1""}","{""ImportId"":""QID2_1""}","{""ImportId"":""QID2_2""}","{""ImportId"":""QID2_3""}","{""ImportId"":""QID2_4""}","{""ImportId"":""QID2_5""}","{""ImportId"":""QID2_6""}","{""ImportId"":""QID3""}","{""ImportId"":""QID4_1""}","{""ImportId"":""QID4_2""}","{""ImportId"":""QID4_3""}","{""ImportId"":""QID4_4""}","{""ImportId"":""QID4_5""}","{""ImportId"":""QID4_6""}","{""ImportId"":""QID5""}","{""ImportId"":""QID6""}","{""ImportId"":""QID7""}","{""ImportId"":""QID8""}","{""ImportId"":""QID17_1""}","{""ImportId"":""QID17_2""}","{""ImportId"":""QID17_3""}","{""ImportId"":""QID17_4""}","{""ImportId"":""QID18""}","{""ImportId"":""QID9""}"
,,,,,,,,,,,,,,,,,,,,,,,
Yes,Somewhat easy,Somewhat difficult,Somewhat difficult,Extremely difficult,Extremely difficult,Neither easy nor difficult,No,Neither easy nor difficult,Somewhat easy,Somewhat easy,Somewhat easy,Somewhat easy,Somewhat easy,Electronic,"Title,Purpose or goal,Raw data,Description of data,Publication-quality images,Explanation of how data does or does not fit hypothesis,References for original source of protocols","Title,Purpose or goal,Description of experimental procedures,Raw data,Description of data,Publication-quality images,Explanation of how data does or does not fit hypothesis,Paragraph-format discussion,References for original sources of protocols,Signature of researcher",Weekly,Increase in confidence,Increase in confidence,Increase in confidence,Increase in confidence,Helped,Yes
Yes,Neither easy nor difficult,Somewhat easy,Extremely easy,Extremely difficult,Somewhat easy,Neither easy nor difficult,No,Somewhat easy,Somewhat easy,Somewhat easy,Extremely difficult,Somewhat easy,Somewhat easy,Electronic,"Title,Purpose or goal,Description of experimental procedures,Raw data,Description of data,Signature of supervisor","Title,Purpose or goal,Description of experimental procedures,Raw data,Description of data,Publication-quality images,Explanation of how data does or does not fit hypothesis,Paragraph-format discussion,References for original sources of protocols,Signature of researcher,Signature of supervisor",Weekly,Increase in confidence,Increase in confidence,No change,No change,Neither,Yes
Yes,Somewhat easy,Somewhat difficult,Neither easy nor difficult,Somewhat difficult,Neither easy nor difficult,Neither easy nor difficult,Yes,Somewhat easy,Extremely easy,Extremely easy,Somewhat easy,Extremely easy,Somewhat easy,Electronic,"Title,Purpose or goal,Description of experimental procedures,Raw data,Description of data,Publication-quality images,Explanation of how data does or does not fit hypothesis,Paragraph-format discussion,References for original source of protocols","Purpose or goal,Description of experimental procedures,Raw data,Description of data,Publication-quality images,Explanation of how data does or does not fit hypothesis",Weekly,Increase in confidence,Increase in confidence,Increase in confidence,Increase in confidence,Helped,Yes
No,Somewhat easy,Somewhat easy,Somewhat easy,Somewhat difficult,Somewhat difficult,Somewhat easy,No,Somewhat easy,Somewhat easy,Extremely easy,Somewhat difficult,Extremely easy,Somewhat easy,Electronic,"Title,Purpose or goal,Description of experimental procedures,Raw data,Publication-quality images,Paragraph-format discussion,Signature of researcher,Signature of supervisor","Title,Purpose or goal,Description of experimental procedures,Raw data,Description of data,Publication-quality images,Explanation of how data does or does not fit hypothesis,Paragraph-format discussion,References for original sources of protocols,Signature of researcher,Signature of supervisor",Weekly,Increase in confidence,Increase in confidence,Increase in confidence,Increase in confidence,Helped,Yes
Yes,Neither easy nor difficult,Somewhat difficult,Somewhat difficult,Extremely difficult,Neither easy nor difficult,Neither easy nor difficult,Yes,Neither easy nor difficult,Somewhat easy,Somewhat easy,Neither easy nor difficult,Neither easy nor difficult,Neither easy nor difficult,Electronic,"Title,Purpose or goal,Description of experimental procedures,Raw data,Publication-quality images,Signature of supervisor","Title,Purpose or goal,Description of experimental procedures,Raw data,Description of data,Publication-quality images,Explanation of how data does or does not fit hypothesis,Paragraph-format discussion,References for original sources of protocols,Signature of researcher,Signature of supervisor",Weekly,No change,No change,Increase in confidence,Increase in confidence,Helped,Unsure
Yes,Extremely easy,Extremely easy,Extremely easy,Extremely easy,Extremely easy,Extremely easy,No,Extremely easy,Extremely easy,Extremely easy,Extremely easy,Extremely easy,Extremely easy,Paper,"Title,Purpose or goal,Description of experimental procedures,Raw data,Description of data,Publication-quality images,Explanation of how data does or does not fit hypothesis,Paragraph-format discussion,References for original source of protocols,Signature of supervisor","Title,Purpose or goal,Description of experimental procedures,Raw data,Description of data,Publication-quality images,Explanation of how data does or does not fit hypothesis,Paragraph-format discussion,References for original sources of protocols,Signature of researcher,Signature of supervisor",Never,Increase in confidence,Increase in confidence,Increase in confidence,Increase in confidence,Neither,Unsure
Yes,Somewhat easy,Somewhat difficult,Neither easy nor difficult,Somewhat difficult,Neither easy nor difficult,Somewhat difficult,No,Somewhat easy,Extremely easy,Extremely easy,Somewhat easy,Extremely easy,Somewhat easy,Electronic,"Title,Purpose or goal,Description of experimental procedures,Raw data,Description of data,Publication-quality images,Explanation of how data does or does not fit hypothesis,Paragraph-format discussion,References for original source of protocols,Signature of supervisor","Title,Purpose or goal,Description of experimental procedures,Raw data,Description of data,Publication-quality images,Explanation of how data does or does not fit hypothesis,Paragraph-format discussion,References for original sources of protocols,Signature of researcher,Signature of supervisor",Weekly,Increase in confidence,Increase in confidence,Increase in confidence,Increase in confidence,Helped,Yes
Yes,Extremely easy,Somewhat easy,Extremely easy,Somewhat difficult,Neither easy nor difficult,Somewhat easy,Yes,Somewhat easy,Extremely easy,Somewhat easy,Extremely easy,Somewhat easy,Somewhat difficult,Paper,"Title,Purpose or goal,Description of experimental procedures,Raw data,Description of data,Publication-quality images,Explanation of how data does or does not fit hypothesis","Title,Purpose or goal,Description of experimental procedures,Raw data,Description of data,Publication-quality images,Explanation of how data does or does not fit hypothesis,Paragraph-format discussion,References for original sources of protocols,Signature of researcher,Signature of supervisor",Weekly,Increase in confidence,Increase in confidence,Increase in confidence,Increase in confidence,Helped,No
Yes,Extremely easy,Somewhat easy,Neither easy nor difficult,Somewhat difficult,Neither easy nor difficult,Somewhat easy,No,Somewhat easy,Extremely easy,Extremely easy,Somewhat easy,Somewhat easy,Somewhat easy,Electronic,"Title,Purpose or goal,Description of experimental procedures,Raw data,Description of data,Publication-quality images,Paragraph-format discussion,References for original source of protocols,Signature of supervisor","Title,Purpose or goal,Description of experimental procedures,Raw data,Description of data,Explanation of how data does or does not fit hypothesis,Paragraph-format discussion,References for original sources of protocols,Signature of supervisor",Daily,Increase in confidence,Increase in confidence,Increase in confidence,Increase in confidence,Helped,Yes
No,Extremely easy,Extremely easy,Somewhat easy,Extremely difficult,Somewhat easy,Extremely easy,No,Somewhat difficult,Somewhat easy,Extremely easy,Somewhat easy,Neither easy nor difficult,Neither easy nor difficult,Electronic,"Title,Purpose or goal,Description of experimental procedures,Description of data,Publication-quality images,References for original source of protocols,Signature of researcher,Signature of supervisor","Title,Purpose or goal,Description of data,Publication-quality images",Weekly,No change,No change,No change,No change,Hindered,Yes
Yes,Somewhat easy,Somewhat difficult,Somewhat easy,Extremely easy,Extremely easy,Neither easy nor difficult,No,Somewhat easy,Somewhat easy,Somewhat easy,Somewhat easy,Somewhat easy,Somewhat easy,Electronic,"Title,Purpose or goal,Description of experimental procedures,Raw data,Description of data,Publication-quality images,Explanation of how data does or does not fit hypothesis,Paragraph-format discussion","Title,Purpose or goal,Description of experimental procedures,Raw data,Description of data,Publication-quality images,Explanation of how data does or does not fit hypothesis,Paragraph-format discussion,References for original sources of protocols,Signature of researcher,Signature of supervisor",Never,Increase in confidence,Increase in confidence,Increase in confidence,Increase in confidence,Helped,Yes
Yes,Somewhat difficult,Somewhat difficult,Somewhat difficult,Somewhat difficult,Somewhat difficult,Somewhat difficult,No,Somewhat easy,Extremely easy,Extremely easy,Extremely easy,Extremely easy,Somewhat easy,Electronic,"Title,Purpose or goal,Description of experimental procedures,Raw data,Publication-quality images,Explanation of how data does or does not fit hypothesis,References for original source of protocols,Signature of supervisor","Title,Purpose or goal,Description of experimental procedures,Raw data,Description of data,Publication-quality images,Explanation of how data does or does not fit hypothesis,Paragraph-format discussion,References for original sources of protocols,Signature of researcher",Not applicable because notebook had to stay in the lab.,Increase in confidence,Increase in confidence,Increase in confidence,Increase in confidence,Helped,Yes
Yes,Extremely easy,Somewhat easy,Extremely easy,Extremely difficult,Extremely difficult,Somewhat easy,Yes,Extremely easy,Extremely easy,Extremely easy,Somewhat easy,Neither easy nor difficult,Somewhat easy,Electronic,"Title,Purpose or goal,Description of experimental procedures,Raw data,Description of data,Publication-quality images,Explanation of how data does or does not fit hypothesis,Signature of supervisor","Title,Purpose or goal,Description of experimental procedures,Raw data,Description of data,Publication-quality images,Explanation of how data does or does not fit hypothesis,References for original sources of protocols,Signature of researcher,Signature of supervisor",Weekly,Increase in confidence,Increase in confidence,Increase in confidence,Increase in confidence,Helped,Unsure
No,Extremely easy,Extremely easy,Extremely easy,Extremely easy,Extremely easy,Somewhat easy,No,Extremely easy,Extremely easy,Extremely easy,Extremely easy,Extremely easy,Extremely easy,Electronic,"Title,Purpose or goal,Description of experimental procedures,Raw data,Description of data,Publication-quality images,Explanation of how data does or does not fit hypothesis,Paragraph-format discussion,References for original source of protocols,Signature of researcher,Signature of supervisor","Title,Purpose or goal,Description of experimental procedures,Raw data,Description of data,Publication-quality images,Explanation of how data does or does not fit hypothesis,Paragraph-format discussion,References for original sources of protocols,Signature of researcher,Signature of supervisor",Not applicable because notebook had to stay in the lab.,Increase in confidence,Increase in confidence,Increase in confidence,Increase in confidence,Helped,Yes
Yes,Neither easy nor difficult,Somewhat difficult,Somewhat difficult,Somewhat difficult,Neither easy nor difficult,Extremely easy,No,Somewhat easy,Extremely easy,Extremely easy,Extremely easy,Extremely easy,Extremely easy,Electronic,"Title,Purpose or goal,Description of experimental procedures,Raw data,Description of data,Publication-quality images,Explanation of how data does or does not fit hypothesis,Paragraph-format discussion,References for original source of protocols,Signature of researcher,Signature of supervisor","Title,Purpose or goal,Description of experimental procedures,Raw data,Description of data,Publication-quality images,Explanation of how data does or does not fit hypothesis,Paragraph-format discussion,References for original sources of protocols,Signature of researcher,Signature of supervisor",Weekly,Increase in confidence,Increase in confidence,Increase in confidence,Increase in confidence,Neither,Yes
Yes,Somewhat easy,Somewhat easy,Neither easy nor difficult,Somewhat difficult,Somewhat difficult,Somewhat easy,No,Somewhat easy,Extremely easy,Extremely easy,Extremely easy,Extremely easy,Extremely easy,Electronic,"Title,Purpose or goal,Description of experimental procedures,Raw data,Description of data,Publication-quality images,Explanation of how data does or does not fit hypothesis,Paragraph-format discussion,References for original source of protocols,Signature of supervisor","Title,Purpose or goal,Description of experimental procedures,Raw data,Description of data,Publication-quality images,Explanation of how data does or does not fit hypothesis,Paragraph-format discussion,References for original sources of protocols,Signature of researcher,Signature of supervisor",Weekly,Increase in confidence,Increase in confidence,Increase in confidence,Increase in confidence,Helped,Yes
Yes,Extremely easy,Neither easy nor difficult,Neither easy nor difficult,Extremely difficult,Somewhat difficult,Somewhat easy,No,Somewhat easy,Somewhat easy,Extremely easy,Somewhat easy,Somewhat easy,Somewhat easy,Electronic,"Title,Purpose or goal,Description of experimental procedures,Raw data,Description of data,Explanation of how data does or does not fit hypothesis","Title,Purpose or goal,Description of experimental procedures,Raw data,Description of data,Publication-quality images,Explanation of how data does or does not fit hypothesis,Paragraph-format discussion,References for original sources of protocols,Signature of researcher,Signature of supervisor",Weekly,Increase in confidence,Increase in confidence,Increase in confidence,Increase in confidence,Helped,Yes
Yes,Extremely easy,Somewhat easy,Extremely easy,Somewhat easy,Neither easy nor difficult,Somewhat easy,No,Extremely easy,Extremely easy,Extremely easy,Neither easy nor difficult,Extremely easy,Neither easy nor difficult,Electronic,"Title,Purpose or goal,Description of experimental procedures,Raw data,Description of data,Publication-quality images,Explanation of how data does or does not fit hypothesis,Paragraph-format discussion,References for original source of protocols,Signature of researcher","Title,Purpose or goal,Description of experimental procedures,Raw data,Description of data,Publication-quality images,Explanation of how data does or does not fit hypothesis,Paragraph-format discussion,References for original sources of protocols,Signature of researcher,Signature of supervisor",Weekly,Increase in confidence,Increase in confidence,Increase in confidence,Increase in confidence,Helped,Yes
Yes,Extremely easy,Extremely easy,Somewhat easy,Somewhat difficult,Somewhat difficult,Extremely easy,No,Somewhat difficult,Extremely easy,Extremely easy,Somewhat easy,Extremely easy,Somewhat difficult,Paper,"Title,Description of experimental procedures,Raw data,Description of data,Explanation of how data does or does not fit hypothesis,Signature of researcher","Title,Description of experimental procedures,Raw data,Description of data,Publication-quality images,Explanation of how data does or does not fit hypothesis,Paragraph-format discussion,References for original sources of protocols,Signature of researcher",Monthly,No change,No change,Increase in confidence,No change,Hindered,No
Yes,Somewhat easy,Somewhat difficult,Somewhat difficult,Extremely difficult,Neither easy nor difficult,Somewhat easy,No,Neither easy nor difficult,Extremely easy,Extremely easy,Extremely easy,Extremely easy,Neither easy nor difficult,Electronic,"Title,Purpose or goal,Description of experimental procedures,Raw data,Description of data,Signature of researcher","Title,Purpose or goal,Description of experimental procedures,Raw data,Description of data,Explanation of how data does or does not fit hypothesis,Signature of researcher",Not applicable because notebook had to stay in the lab.,Increase in confidence,No change,Increase in confidence,Increase in confidence,Helped,Yes
Yes,Extremely easy,Extremely easy,Extremely easy,Neither easy nor difficult,Extremely easy,Extremely easy,No,Extremely easy,Extremely easy,Extremely easy,Neither easy nor difficult,Extremely easy,Extremely easy,Electronic,"Title,Purpose or goal,Description of experimental procedures,Raw data,Description of data,Publication-quality images,Explanation of how data does or does not fit hypothesis,Paragraph-format discussion,Signature of researcher,Signature of supervisor","Title,Purpose or goal,Description of experimental procedures,Raw data,Description of data,Publication-quality images,Explanation of how data does or does not fit hypothesis,Paragraph-format discussion,Signature of researcher,Signature of supervisor",Weekly,No change,Increase in confidence,Increase in confidence,No change,Helped,Yes
Yes,Extremely easy,Somewhat difficult,Somewhat easy,Neither easy nor difficult,Somewhat easy,Extremely easy,Yes,Somewhat easy,Extremely easy,Extremely easy,Somewhat easy,Somewhat easy,Neither easy nor difficult,Paper,"Title,Purpose or goal,Description of experimental procedures,Raw data,Description of data,Publication-quality images,Explanation of how data does or does not fit hypothesis,Signature of researcher,Signature of supervisor","Title,Purpose or goal,Description of experimental procedures,Raw data,Description of data,Publication-quality images,Explanation of how data does or does not fit hypothesis,Paragraph-format discussion,References for original sources of protocols,Signature of researcher,Signature of supervisor",Weekly,Increase in confidence,Increase in confidence,Increase in confidence,No change,Neither,Yes
Yes,Somewhat easy,Somewhat easy,Somewhat difficult,Extremely difficult,Neither easy nor difficult,Somewhat easy,No,Extremely easy,Somewhat easy,Extremely easy,Somewhat easy,Neither easy nor difficult,Somewhat easy,Electronic,"Title,Purpose or goal,Description of experimental procedures,Raw data,Description of data,Publication-quality images,Explanation of how data does or does not fit hypothesis,Paragraph-format discussion,Signature of supervisor","Title,Purpose or goal,Description of experimental procedures,Raw data,Description of data,Publication-quality images,Explanation of how data does or does not fit hypothesis,Paragraph-format discussion,References for original sources of protocols,Signature of researcher,Signature of supervisor",Weekly,Increase in confidence,Increase in confidence,Increase in confidence,Increase in confidence,Helped,Yes
Yes,Somewhat easy,Somewhat easy,Somewhat easy,Somewhat difficult,Somewhat difficult,Somewhat easy,No,Extremely easy,Extremely easy,Extremely easy,Extremely easy,Extremely easy,Extremely easy,Paper,"Title,Purpose or goal,Description of experimental procedures,Raw data,Description of data,Publication-quality images,Explanation of how data does or does not fit hypothesis,Paragraph-format discussion,References for original source of protocols,Signature of supervisor","Title,Purpose or goal,Description of experimental procedures,Raw data,Description of data,Publication-quality images,Explanation of how data does or does not fit hypothesis,Paragraph-format discussion,References for original sources of protocols,Signature of researcher,Signature of supervisor",Weekly,Increase in confidence,Increase in confidence,Increase in confidence,Increase in confidence,Neither,Yes
Yes,Extremely easy,Neither easy nor difficult,Somewhat difficult,Somewhat difficult,Somewhat difficult,Somewhat easy,No,Neither easy nor difficult,Somewhat easy,Somewhat easy,Somewhat easy,Extremely easy,Somewhat easy,Electronic,"Purpose or goal,Description of experimental procedures,Raw data,Description of data,Explanation of how data does or does not fit hypothesis,Paragraph-format discussion,Signature of researcher","Title,Purpose or goal,Description of experimental procedures,Raw data,Description of data,Explanation of how data does or does not fit hypothesis,Paragraph-format discussion,Signature of researcher,Signature of supervisor",Daily,Increase in confidence,No change,Increase in confidence,Increase in confidence,Helped,Yes
Yes,Somewhat easy,Somewhat easy,Somewhat easy,Somewhat easy,Somewhat easy,Somewhat easy,Yes,Somewhat easy,Somewhat easy,Extremely easy,Extremely easy,Extremely easy,Extremely easy,Electronic,"Title,Purpose or goal,Description of experimental procedures,Raw data,Description of data,Publication-quality images,Explanation of how data does or does not fit hypothesis,Paragraph-format discussion,References for original source of protocols,Signature of researcher,Signature of supervisor","Title,Purpose or goal,Description of experimental procedures,Raw data,Description of data,Publication-quality images,Explanation of how data does or does not fit hypothesis,Paragraph-format discussion,References for original sources of protocols,Signature of researcher,Signature of supervisor",Daily,Increase in confidence,Increase in confidence,Increase in confidence,Increase in confidence,Helped,Yes
Yes,Extremely easy,Somewhat difficult,Somewhat difficult,Extremely difficult,,Somewhat easy,No,Somewhat difficult,Somewhat easy,Somewhat easy,Somewhat easy,Extremely easy,Somewhat easy,Paper,"Title,Purpose or goal,Description of experimental procedures,Raw data,Description of data,Explanation of how data does or does not fit hypothesis","Title,Purpose or goal,Description of experimental procedures,Raw data,Description of data,Publication-quality images,Explanation of how data does or does not fit hypothesis,Paragraph-format discussion,References for original sources of protocols,Signature of researcher,Signature of supervisor",Weekly,No change,No change,No change,No change,Neither,Yes
Yes,Somewhat easy,Somewhat easy,Somewhat easy,Somewhat easy,Somewhat easy,Somewhat easy,No,Extremely easy,Extremely easy,Extremely easy,Extremely easy,Extremely easy,Extremely easy,Electronic,"Title,Purpose or goal,Description of experimental procedures,Raw data,Description of data,Explanation of how data does or does not fit hypothesis,Signature of researcher","Title,Purpose or goal,Description of experimental procedures,Raw data,Description of data,Publication-quality images,Explanation of how data does or does not fit hypothesis,References for original sources of protocols,Signature of researcher",Weekly,Increase in confidence,Increase in confidence,Increase in confidence,Increase in confidence,Helped,Yes
Yes,Extremely easy,Neither easy nor difficult,Somewhat easy,Extremely difficult,Neither easy nor difficult,Somewhat easy,No,Somewhat easy,Somewhat easy,Extremely easy,Extremely easy,Neither easy nor difficult,Somewhat easy,Electronic,"Title,Purpose or goal,Description of experimental procedures,Raw data,Description of data,Publication-quality images,Explanation of how data does or does not fit hypothesis,Paragraph-format discussion","Title,Purpose or goal,Description of experimental procedures,Raw data,Description of data,Publication-quality images,Explanation of how data does or does not fit hypothesis,Paragraph-format discussion,References for original sources of protocols,Signature of researcher,Signature of supervisor",Weekly,No change,Increase in confidence,Increase in confidence,Increase in confidence,Helped,Yes
Yes,Extremely easy,Neither easy nor difficult,Somewhat difficult,Somewhat difficult,Somewhat difficult,Neither easy nor difficult,Yes,Somewhat easy,Extremely easy,Extremely easy,Extremely easy,Somewhat easy,Somewhat easy,Electronic,"Title,Purpose or goal,Description of experimental procedures,Raw data,Description of data,Paragraph-format discussion,Signature of researcher,Signature of supervisor","Title,Purpose or goal,Description of experimental procedures,Raw data,Description of data,Paragraph-format discussion,References for original sources of protocols,Signature of researcher,Signature of supervisor",Weekly,Increase in confidence,Increase in confidence,Increase in confidence,No change,Helped,Yes
Yes,Somewhat difficult,Somewhat difficult,Extremely difficult,Extremely difficult,Somewhat difficult,Somewhat difficult,No,Somewhat easy,Somewhat easy,Extremely easy,Extremely easy,Extremely easy,Somewhat easy,Electronic,"Title,Purpose or goal,Description of experimental procedures,Raw data,Description of data,Publication-quality images,Explanation of how data does or does not fit hypothesis,Paragraph-format discussion","Title,Purpose or goal,Description of experimental procedures,Raw data,Description of data,Publication-quality images,Explanation of how data does or does not fit hypothesis,Paragraph-format discussion,References for original sources of protocols,Signature of researcher,Signature of supervisor",Monthly,Increase in confidence,Increase in confidence,Increase in confidence,Increase in confidence,Helped,Yes
Yes,Extremely easy,Somewhat difficult,Neither easy nor difficult,Extremely difficult,Somewhat difficult,Neither easy nor difficult,No,Somewhat easy,Extremely easy,Somewhat easy,Extremely easy,Extremely easy,Somewhat easy,Electronic,"Title,Purpose or goal,Description of experimental procedures,Raw data,Description of data,Publication-quality images,Explanation of how data does or does not fit hypothesis,Signature of supervisor","Title,Purpose or goal,Description of experimental procedures,Raw data,Description of data,Publication-quality images,Explanation of how data does or does not fit hypothesis,References for original sources of protocols,Signature of supervisor",Weekly,Increase in confidence,Increase in confidence,Increase in confidence,Increase in confidence,Helped,Yes
Yes,Extremely easy,Somewhat easy,Somewhat easy,Somewhat difficult,Somewhat easy,Somewhat easy,No,Somewhat easy,Extremely easy,Extremely easy,Somewhat easy,Somewhat easy,Somewhat easy,Electronic,"Title,Purpose or goal,Description of experimental procedures,Raw data,Description of data,Publication-quality images,Explanation of how data does or does not fit hypothesis","Title,Purpose or goal,Description of experimental procedures,Raw data,Description of data,Publication-quality images,Explanation of how data does or does not fit hypothesis,Signature of researcher,Signature of supervisor",Weekly,Increase in confidence,No change,No change,Increase in confidence,Helped,Yes
No,Somewhat difficult,Somewhat difficult,Somewhat difficult,Somewhat difficult,Somewhat difficult,Somewhat difficult,No,Neither easy nor difficult,Neither easy nor difficult,Neither easy nor difficult,Neither easy nor difficult,Neither easy nor difficult,Neither easy nor difficult,Electronic,"Title,Purpose or goal,Description of experimental procedures,Raw data,Description of data,Publication-quality images,Explanation of how data does or does not fit hypothesis,Signature of researcher,Signature of supervisor","Title,Purpose or goal,Description of experimental procedures,Raw data,Description of data,Publication-quality images,Explanation of how data does or does not fit hypothesis,Paragraph-format discussion,References for original sources of protocols,Signature of researcher,Signature of supervisor",Not applicable because notebook had to stay in the lab.,Increase in confidence,Increase in confidence,Increase in confidence,Increase in confidence,Helped,Yes
Yes,Extremely easy,Somewhat easy,Extremely easy,Neither easy nor difficult,Neither easy nor difficult,Extremely easy,No,Somewhat easy,Extremely easy,Extremely easy,Somewhat easy,Somewhat easy,Somewhat difficult,Paper,"Title,Purpose or goal,Description of experimental procedures,Raw data,Description of data,Explanation of how data does or does not fit hypothesis,Paragraph-format discussion,References for original source of protocols,Signature of researcher,Signature of supervisor","Title,Purpose or goal,Description of experimental procedures,Raw data,Description of data,Explanation of how data does or does not fit hypothesis,Paragraph-format discussion,References for original sources of protocols,Signature of researcher,Signature of supervisor",Monthly,No change,No change,No change,No change,Hindered,Yes
Yes,Somewhat easy,Extremely easy,Extremely easy,Somewhat difficult,Extremely easy,Somewhat easy,Yes,Extremely easy,Extremely easy,Extremely easy,Neither easy nor difficult,Extremely easy,Extremely easy,Electronic,"Title,Purpose or goal,Description of experimental procedures,Raw data,Description of data,Publication-quality images,Signature of researcher,Signature of supervisor","Title,Purpose or goal,Description of experimental procedures,Raw data,Description of data,Publication-quality images,Explanation of how data does or does not fit hypothesis,Paragraph-format discussion,References for original sources of protocols,Signature of researcher,Signature of supervisor",Weekly,Increase in confidence,Increase in confidence,Increase in confidence,Increase in confidence,Helped,Yes
Yes,Extremely easy,Extremely easy,Neither easy nor difficult,Somewhat difficult,Neither easy nor difficult,Somewhat easy,Yes,Extremely easy,Extremely easy,Extremely easy,Extremely easy,Extremely easy,Extremely easy,Electronic,"Title,Purpose or goal,Description of experimental procedures,Raw data,Description of data,Publication-quality images,Explanation of how data does or does not fit hypothesis,Paragraph-format discussion,References for original source of protocols,Signature of researcher,Signature of supervisor","Title,Purpose or goal,Description of experimental procedures,Raw data,Description of data,Publication-quality images,Explanation of how data does or does not fit hypothesis,Paragraph-format discussion,References for original sources of protocols,Signature of researcher,Signature of supervisor",Daily,Increase in confidence,Increase in confidence,Increase in confidence,Increase in confidence,Helped,Yes
,,,,,,,,,,,,,,,,,,,,,,,
Yes,Somewhat difficult,Somewhat difficult,Somewhat difficult,Somewhat difficult,Somewhat difficult,Somewhat difficult,No,Extremely easy,Extremely easy,Somewhat easy,Somewhat easy,Somewhat easy,Somewhat easy,Electronic,"Title,Purpose or goal,Description of experimental procedures,Raw data,Description of data,Explanation of how data does or does not fit hypothesis","Title,Purpose or goal,Description of experimental procedures,Raw data,Description of data,Publication-quality images,Explanation of how data does or does not fit hypothesis,Paragraph-format discussion,References for original sources of protocols,Signature of supervisor",Weekly,No change,Increase in confidence,Increase in confidence,Increase in confidence,Helped,Yes
Yes,Extremely difficult,Extremely difficult,Extremely difficult,Extremely difficult,Somewhat difficult,Extremely difficult,No,Somewhat easy,Neither easy nor difficult,Somewhat difficult,Somewhat easy,Somewhat easy,Somewhat easy,Electronic,"Title,Purpose or goal,Description of experimental procedures,Raw data,Description of data,Publication-quality images,Explanation of how data does or does not fit hypothesis,Paragraph-format discussion,References for original source of protocols,Signature of researcher,Signature of supervisor","Title,Purpose or goal,Description of experimental procedures,Raw data,Description of data,Publication-quality images,Explanation of how data does or does not fit hypothesis,Paragraph-format discussion,References for original sources of protocols,Signature of researcher,Signature of supervisor",Weekly,Increase in confidence,Increase in confidence,Increase in confidence,Increase in confidence,Helped,Yes
Yes,Extremely easy,Extremely easy,Somewhat easy,Somewhat difficult,Somewhat easy,Somewhat easy,No,Extremely difficult,Somewhat difficult,Somewhat difficult,Extremely easy,Extremely easy,Somewhat difficult,Paper,"Title,Purpose or goal,Description of experimental procedures,Raw data,Description of data,Paragraph-format discussion","Title,Purpose or goal,Description of experimental procedures,Raw data,Description of data,Explanation of how data does or does not fit hypothesis,Paragraph-format discussion,References for original sources of protocols",Weekly,Increase in confidence,No change,Increase in confidence,No change,Neither,Yes
Yes,Somewhat easy,Somewhat easy,Somewhat easy,Somewhat easy,Somewhat easy,Somewhat easy,No,Extremely easy,Extremely easy,Extremely easy,Extremely easy,Extremely easy,Extremely easy,Electronic,"Title,Purpose or goal,Description of experimental procedures,Raw data,Description of data,Publication-quality images,Explanation of how data does or does not fit hypothesis,Paragraph-format discussion,References for original source of protocols,Signature of researcher,Signature of supervisor","Title,Purpose or goal,Description of experimental procedures,Raw data,Description of data,Publication-quality images,Explanation of how data does or does not fit hypothesis,Paragraph-format discussion,References for original sources of protocols,Signature of researcher,Signature of supervisor",Monthly,No change,No change,No change,No change,Helped,Yes
Yes,Somewhat difficult,Somewhat easy,Somewhat easy,Somewhat difficult,Somewhat difficult,Neither easy nor difficult,No,Somewhat easy,Somewhat easy,Somewhat easy,Somewhat easy,Somewhat easy,Somewhat easy,Electronic,"Title,Purpose or goal,Description of experimental procedures,Raw data,Description of data,Explanation of how data does or does not fit hypothesis,References for original source of protocols","Title,Purpose or goal,Description of experimental procedures,Raw data,Description of data,Publication-quality images,Explanation of how data does or does not fit hypothesis,Paragraph-format discussion,References for original sources of protocols,Signature of researcher,Signature of supervisor",Monthly,Increase in confidence,Increase in confidence,Increase in confidence,Increase in confidence,Helped,Yes
Yes,Extremely easy,Somewhat easy,Somewhat difficult,Neither easy nor difficult,Somewhat difficult,Somewhat easy,Yes,Extremely easy,Extremely easy,Extremely easy,Extremely easy,Extremely easy,Extremely easy,Electronic,"Purpose or goal,Description of experimental procedures,Raw data,Description of data,Publication-quality images,Explanation of how data does or does not fit hypothesis,Paragraph-format discussion,References for original source of protocols,Signature of supervisor","Title,Purpose or goal,Description of experimental procedures,Raw data,Description of data,Publication-quality images,Explanation of how data does or does not fit hypothesis,Paragraph-format discussion,References for original sources of protocols,Signature of researcher,Signature of supervisor",Weekly,Increase in confidence,Increase in confidence,Increase in confidence,Increase in confidence,Helped,Unsure
Yes,Somewhat easy,Neither easy nor difficult,,Somewhat difficult,Somewhat difficult,Somewhat easy,No,Extremely easy,Extremely easy,Extremely easy,Extremely easy,Extremely easy,Somewhat easy,Electronic,"Title,Purpose or goal,Description of experimental procedures,Raw data,Description of data,Publication-quality images,Explanation of how data does or does not fit hypothesis,Paragraph-format discussion,Signature of supervisor","Title,Purpose or goal,Description of experimental procedures,Raw data,Description of data,Publication-quality images,Explanation of how data does or does not fit hypothesis,Paragraph-format discussion,References for original sources of protocols,Signature of researcher,Signature of supervisor",Weekly,No change,Increase in confidence,Increase in confidence,Increase in confidence,Helped,Yes
Yes,Extremely easy,Neither easy nor difficult,Somewhat easy,Neither easy nor difficult,Somewhat difficult,Somewhat easy,Yes,Somewhat easy,Extremely easy,Extremely easy,Extremely easy,Extremely easy,Somewhat easy,Electronic,"Title,Purpose or goal,Description of experimental procedures,Raw data,Description of data,Publication-quality images,Explanation of how data does or does not fit hypothesis,Paragraph-format discussion,References for original source of protocols,Signature of researcher,Signature of supervisor","Title,Purpose or goal,Description of experimental procedures,Raw data,Description of data,Publication-quality images,Explanation of how data does or does not fit hypothesis,Paragraph-format discussion,References for original sources of protocols,Signature of researcher,Signature of supervisor",Weekly,Increase in confidence,No change,Increase in confidence,Increase in confidence,Helped,Yes
Yes,Somewhat easy,Somewhat easy,Extremely easy,Neither easy nor difficult,Somewhat easy,Somewhat easy,No,Somewhat easy,Extremely easy,Extremely easy,Somewhat easy,Somewhat easy,Somewhat easy,Electronic,"Title,Purpose or goal,Description of experimental procedures,Raw data,Description of data,Publication-quality images,Explanation of how data does or does not fit hypothesis,Paragraph-format discussion,References for original source of protocols,Signature of researcher,Signature of supervisor","Title,Purpose or goal,Description of experimental procedures,Raw data,Description of data,Publication-quality images,Explanation of how data does or does not fit hypothesis,Paragraph-format discussion,References for original sources of protocols,Signature of researcher,Signature of supervisor",Weekly,No change,No change,No change,No change,Helped,Yes
Yes,Extremely easy,Somewhat difficult,Neither easy nor difficult,Extremely difficult,Somewhat difficult,Somewhat easy,No,Somewhat easy,Somewhat easy,Extremely easy,Somewhat easy,Extremely easy,Extremely difficult,Electronic,"Purpose or goal,Description of experimental procedures,Raw data,Description of data","Purpose or goal,Description of experimental procedures,Raw data,Description of data,Explanation of how data does or does not fit hypothesis,Paragraph-format discussion,References for original sources of protocols",Never,Increase in confidence,Increase in confidence,Increase in confidence,Increase in confidence,Helped,Yes
Yes,Extremely easy,Somewhat easy,Extremely easy,Neither easy nor difficult,Neither easy nor difficult,Extremely easy,No,Somewhat easy,Extremely easy,Extremely easy,Extremely easy,Somewhat easy,Somewhat difficult,Paper,"Title,Purpose or goal,Description of experimental procedures,Raw data,Description of data,Publication-quality images,Explanation of how data does or does not fit hypothesis,Paragraph-format discussion,References for original source of protocols,Signature of researcher,Signature of supervisor","Title,Purpose or goal,Description of experimental procedures,Raw data,Description of data,Publication-quality images,Explanation of how data does or does not fit hypothesis,Paragraph-format discussion,References for original sources of protocols,Signature of researcher,Signature of supervisor",Weekly,No change,Increase in confidence,Increase in confidence,Decrease in confidence,Neither,Unsure
Yes,Extremely easy,Somewhat easy,Somewhat difficult,Somewhat difficult,Somewhat difficult,Somewhat easy,No,Somewhat difficult,Somewhat easy,Extremely easy,Somewhat easy,Extremely easy,Somewhat difficult,Electronic,"Title,Purpose or goal,Description of experimental procedures,Raw data,Description of data,Publication-quality images,Explanation of how data does or does not fit hypothesis,Paragraph-format discussion,Signature of supervisor","Title,Purpose or goal,Description of experimental procedures,Raw data,Description of data,Publication-quality images,Explanation of how data does or does not fit hypothesis,Paragraph-format discussion,Signature of supervisor",Daily,Increase in confidence,No change,Increase in confidence,Increase in confidence,Helped,Yes
Yes,Somewhat easy,Somewhat difficult,Neither easy nor difficult,Extremely difficult,Neither easy nor difficult,Neither easy nor difficult,No,Somewhat easy,Somewhat easy,Extremely easy,Extremely easy,Somewhat easy,Neither easy nor difficult,Electronic,"Purpose or goal,Description of experimental procedures,Raw data,Description of data,Publication-quality images,Explanation of how data does or does not fit hypothesis,Paragraph-format discussion","Title,Purpose or goal,Description of experimental procedures,Raw data,Description of data,Publication-quality images,Explanation of how data does or does not fit hypothesis,Paragraph-format discussion,References for original sources of protocols,Signature of researcher,Signature of supervisor",Monthly,Increase in confidence,Increase in confidence,Increase in confidence,Increase in confidence,Helped,Unsure
Yes,Neither easy nor difficult,Somewhat difficult,Neither easy nor difficult,Neither easy nor difficult,Extremely difficult,Neither easy nor difficult,Yes,Somewhat easy,Somewhat easy,Extremely easy,Somewhat easy,Extremely easy,Somewhat easy,Electronic,"Title,Raw data,Description of data,Publication-quality images,Explanation of how data does or does not fit hypothesis,Paragraph-format discussion,References for original source of protocols,Signature of researcher,Signature of supervisor","Title,Purpose or goal,Description of experimental procedures,Raw data,Description of data,Publication-quality images,Explanation of how data does or does not fit hypothesis,Paragraph-format discussion,References for original sources of protocols,Signature of researcher,Signature of supervisor",Weekly,Increase in confidence,No change,Increase in confidence,Increase in confidence,Helped,Yes
No,Somewhat difficult,Somewhat difficult,Somewhat easy,Somewhat easy,Somewhat easy,Somewhat difficult,No,Extremely easy,Extremely easy,Extremely easy,Extremely easy,Somewhat easy,Extremely easy,Electronic,"Title,Purpose or goal,Description of experimental procedures,Description of data,Publication-quality images,Explanation of how data does or does not fit hypothesis,References for original source of protocols,Signature of supervisor","Title,Purpose or goal,Description of experimental procedures,Raw data,Description of data,Publication-quality images,Explanation of how data does or does not fit hypothesis,Paragraph-format discussion,References for original sources of protocols",Daily,Increase in confidence,Increase in confidence,Increase in confidence,Increase in confidence,Helped,Yes
Yes,Somewhat easy,Somewhat difficult,Somewhat difficult,Extremely difficult,Extremely easy,Somewhat difficult,No,Extremely easy,Extremely easy,Extremely easy,Extremely easy,Extremely easy,Extremely easy,Electronic,"Purpose or goal,Description of experimental procedures,Raw data,Description of data,Publication-quality images,Paragraph-format discussion,Signature of researcher,Signature of supervisor","Title,Purpose or goal,Description of experimental procedures,Raw data,Description of data,Publication-quality images,Explanation of how data does or does not fit hypothesis,Paragraph-format discussion,References for original sources of protocols,Signature of researcher,Signature of supervisor",Weekly,Increase in confidence,No change,Increase in confidence,Increase in confidence,Helped,Yes
Yes,Extremely easy,Extremely easy,Somewhat easy,Somewhat easy,Somewhat easy,Somewhat easy,No,Extremely easy,Extremely easy,Somewhat easy,Neither easy nor difficult,Neither easy nor difficult,Neither easy nor difficult,Electronic,"Title,Purpose or goal,Description of experimental procedures,Raw data,Description of data,Paragraph-format discussion,References for original source of protocols,Signature of researcher","Title,Purpose or goal,Description of experimental procedures,Raw data,Description of data,Paragraph-format discussion,References for original sources of protocols,Signature of researcher,Signature of supervisor",Weekly,Increase in confidence,Increase in confidence,No change,Increase in confidence,Helped,Yes
Yes,Somewhat difficult,Somewhat easy,Extremely easy,Extremely difficult,Somewhat difficult,Somewhat easy,No,Extremely easy,Somewhat easy,Neither easy nor difficult,Extremely easy,Extremely easy,Somewhat easy,Electronic,"Title,Purpose or goal,Description of experimental procedures,Raw data,Description of data,Explanation of how data does or does not fit hypothesis,References for original source of protocols,Signature of researcher,Signature of supervisor","Title,Purpose or goal,Description of experimental procedures,Raw data,Description of data,Explanation of how data does or does not fit hypothesis,Paragraph-format discussion,References for original sources of protocols,Signature of researcher,Signature of supervisor",Weekly,Increase in confidence,No change,Increase in confidence,Increase in confidence,Helped,Yes
Yes,Extremely easy,Somewhat easy,Somewhat easy,Somewhat difficult,Somewhat easy,Neither easy nor difficult,Yes,Extremely easy,Extremely easy,Extremely easy,Extremely easy,Somewhat easy,Extremely easy,Electronic,"Title,Purpose or goal,Description of experimental procedures,Raw data,Description of data,Explanation of how data does or does not fit hypothesis,References for original source of protocols,Signature of researcher","Title,Purpose or goal,Description of experimental procedures,Raw data,Description of data,Explanation of how data does or does not fit hypothesis,References for original sources of protocols,Signature of researcher,Signature of supervisor",Weekly,No change,Increase in confidence,Increase in confidence,Increase in confidence,Helped,Yes
Yes,Extremely easy,Somewhat easy,Somewhat difficult,Somewhat easy,Somewhat difficult,Somewhat easy,Yes,Somewhat easy,Somewhat easy,Extremely easy,Somewhat easy,Extremely easy,Somewhat easy,Electronic,"Title,Description of experimental procedures,Raw data,Publication-quality images,References for original source of protocols,Signature of researcher","Title,Purpose or goal,Description of experimental procedures,Raw data,Publication-quality images,References for original sources of protocols,Signature of researcher",Weekly,No change,No change,Increase in confidence,No change,Helped,Yes
Yes,Extremely easy,Somewhat difficult,Somewhat easy,Extremely difficult,Neither easy nor difficult,Somewhat difficult,Yes,Extremely easy,Somewhat easy,Somewhat easy,Extremely easy,Extremely easy,Somewhat easy,Electronic,"Title,Purpose or goal,Description of experimental procedures,Raw data,Description of data,Explanation of how data does or does not fit hypothesis,Paragraph-format discussion,References for original source of protocols,Signature of researcher,Signature of supervisor","Title,Purpose or goal,Description of experimental procedures,Raw data,Description of data,Publication-quality images,Explanation of how data does or does not fit hypothesis,Paragraph-format discussion,References for original sources of protocols,Signature of researcher,Signature of supervisor",Weekly,No change,Increase in confidence,Increase in confidence,Increase in confidence,Helped,No
Yes,Extremely easy,Neither easy nor difficult,Neither easy nor difficult,Somewhat easy,Somewhat difficult,Somewhat easy,Yes,Somewhat easy,Somewhat easy,Extremely easy,Neither easy nor difficult,Extremely easy,Neither easy nor difficult,Paper,"Purpose or goal,Description of experimental procedures,Raw data,Description of data,Publication-quality images,Explanation of how data does or does not fit hypothesis,Paragraph-format discussion,References for original source of protocols,Signature of researcher,Signature of supervisor","Title,Purpose or goal,Description of experimental procedures,Raw data,Description of data,Publication-quality images,Explanation of how data does or does not fit hypothesis,Paragraph-format discussion,References for original sources of protocols,Signature of researcher,Signature of supervisor",Weekly,Increase in confidence,Increase in confidence,No change,No change,Helped,Yes
Yes,Somewhat difficult,Neither easy nor difficult,Neither easy nor difficult,Neither easy nor difficult,Neither easy nor difficult,Neither easy nor difficult,Yes,Somewhat easy,Extremely easy,Somewhat easy,Neither easy nor difficult,Somewhat easy,Somewhat easy,Electronic,"Title,Purpose or goal,Description of experimental procedures,Raw data,Description of data,Publication-quality images,Paragraph-format discussion","Title,Purpose or goal,Description of experimental procedures,Raw data,Description of data,Publication-quality images,Explanation of how data does or does not fit hypothesis,Paragraph-format discussion",Weekly,Increase in confidence,Increase in confidence,Increase in confidence,Increase in confidence,Helped,Yes
Yes,Extremely easy,Extremely easy,Extremely easy,Somewhat easy,Extremely easy,Extremely easy,No,Extremely easy,Extremely easy,Extremely easy,Extremely easy,Somewhat easy,Extremely easy,Electronic,"Purpose or goal,Description of experimental procedures,Raw data,Description of data,Publication-quality images,Explanation of how data does or does not fit hypothesis,Paragraph-format discussion,Signature of supervisor","Title,Purpose or goal,Description of experimental procedures,Raw data,Description of data,Publication-quality images,Explanation of how data does or does not fit hypothesis,Paragraph-format discussion,References for original sources of protocols,Signature of researcher,Signature of supervisor",Weekly,No change,No change,No change,Increase in confidence,Helped,Yes
No,Somewhat easy,Extremely easy,Extremely easy,Somewhat easy,Extremely easy,Somewhat easy,No,Somewhat easy,Extremely easy,Extremely easy,Somewhat difficult,Extremely easy,Somewhat easy,Electronic,"Purpose or goal,Description of experimental procedures,Raw data,Description of data,References for original source of protocols,Signature of researcher,Signature of supervisor","Title,Purpose or goal,Description of experimental procedures,Raw data,Description of data,Publication-quality images,References for original sources of protocols,Signature of researcher,Signature of supervisor",Not applicable because notebook had to stay in the lab.,Increase in confidence,Increase in confidence,Increase in confidence,Increase in confidence,Helped,Yes
Yes,Somewhat easy,Somewhat easy,Somewhat easy,Extremely difficult,Neither easy nor difficult,Somewhat difficult,No,Extremely easy,Extremely easy,Extremely easy,Extremely easy,Neither easy nor difficult,Extremely easy,Electronic,"Purpose or goal,Raw data,Description of data,Explanation of how data does or does not fit hypothesis,Paragraph-format discussion,Signature of researcher,Signature of supervisor","Purpose or goal,Description of experimental procedures,Raw data,Description of data,Explanation of how data does or does not fit hypothesis,Paragraph-format discussion,References for original sources of protocols,Signature of researcher,Signature of supervisor",Weekly,Increase in confidence,Increase in confidence,Increase in confidence,Increase in confidence,Helped,Yes
Yes,Neither easy nor difficult,Neither easy nor difficult,Somewhat difficult,Somewhat difficult,Somewhat easy,Neither easy nor difficult,No,Somewhat easy,Somewhat easy,Somewhat easy,Somewhat easy,Somewhat easy,Somewhat easy,Electronic,"Title,Purpose or goal,Description of experimental procedures,Raw data,Description of data,Publication-quality images,Explanation of how data does or does not fit hypothesis,Paragraph-format discussion,Signature of researcher,Signature of supervisor","Title,Purpose or goal,Description of experimental procedures,Raw data,Description of data,Publication-quality images,Explanation of how data does or does not fit hypothesis,Paragraph-format discussion,References for original sources of protocols,Signature of researcher,Signature of supervisor",Weekly,Increase in confidence,Increase in confidence,Increase in confidence,No change,Neither,Unsure
Yes,Somewhat easy,Somewhat easy,Somewhat easy,Neither easy nor difficult,Somewhat easy,Somewhat easy,Yes,Extremely easy,Extremely easy,Extremely easy,Extremely easy,Extremely easy,Extremely easy,Electronic,"Purpose or goal,Description of experimental procedures,Raw data,Description of data,Publication-quality images,Explanation of how data does or does not fit hypothesis,Paragraph-format discussion,Signature of supervisor","Title,Purpose or goal,Description of experimental procedures,Raw data,Description of data,Publication-quality images,Explanation of how data does or does not fit hypothesis,Paragraph-format discussion,References for original sources of protocols,Signature of researcher,Signature of supervisor",Weekly,Increase in confidence,Increase in confidence,Increase in confidence,Increase in confidence,Helped,Yes
Yes,Somewhat easy,Somewhat easy,Somewhat easy,Somewhat easy,Neither easy nor difficult,Somewhat difficult,Yes,Somewhat easy,Somewhat easy,Somewhat difficult,Extremely easy,Somewhat easy,Somewhat difficult,Electronic,"Purpose or goal,Description of experimental procedures,Raw data,Description of data,Publication-quality images,Explanation of how data does or does not fit hypothesis,Paragraph-format discussion,Signature of supervisor","Title,Purpose or goal,Description of experimental procedures,Raw data,Description of data,Publication-quality images,Explanation of how data does or does not fit hypothesis,Paragraph-format discussion,References for original sources of protocols,Signature of supervisor",Weekly,No change,Increase in confidence,Increase in confidence,Increase in confidence,Helped,Unsure
Yes,Somewhat easy,Neither easy nor difficult,Neither easy nor difficult,Somewhat difficult,Somewhat difficult,Neither easy nor difficult,No,Somewhat easy,Somewhat easy,Extremely easy,Somewhat easy,Extremely easy,Somewhat easy,Electronic,"Purpose or goal,Description of experimental procedures,Raw data,Description of data,Publication-quality images,Explanation of how data does or does not fit hypothesis,Paragraph-format discussion,References for original source of protocols,Signature of supervisor","Title,Purpose or goal,Description of experimental procedures,Raw data,Description of data,Publication-quality images,Explanation of how data does or does not fit hypothesis,Paragraph-format discussion,References for original sources of protocols,Signature of researcher,Signature of supervisor",Monthly,Increase in confidence,Increase in confidence,Increase in confidence,Increase in confidence,Helped,Yes
Yes,Somewhat easy,Somewhat easy,Somewhat easy,Extremely difficult,Somewhat difficult,Somewhat difficult,Yes,Extremely easy,Extremely easy,Extremely easy,Somewhat easy,Extremely easy,Somewhat easy,Electronic,"Title,Purpose or goal,Description of experimental procedures,Raw data,Description of data,Publication-quality images,Explanation of how data does or does not fit hypothesis,Paragraph-format discussion,Signature of researcher,Signature of supervisor","Title,Purpose or goal,Description of experimental procedures,Raw data,Description of data,Publication-quality images,Explanation of how data does or does not fit hypothesis,Paragraph-format discussion,References for original sources of protocols,Signature of researcher,Signature of supervisor",Weekly,No change,Increase in confidence,Increase in confidence,Increase in confidence,Helped,Yes
Yes,Neither easy nor difficult,Neither easy nor difficult,Neither easy nor difficult,Neither easy nor difficult,Neither easy nor difficult,Neither easy nor difficult,No,Extremely easy,Extremely easy,Extremely easy,Extremely easy,Extremely easy,Extremely easy,Electronic,"Title,Purpose or goal,Description of experimental procedures,Raw data,Description of data,Publication-quality images,Explanation of how data does or does not fit hypothesis,Paragraph-format discussion,References for original source of protocols,Signature of researcher,Signature of supervisor","Title,Purpose or goal,Description of experimental procedures,Raw data,Description of data,Publication-quality images,Explanation of how data does or does not fit hypothesis,Paragraph-format discussion,References for original sources of protocols,Signature of researcher,Signature of supervisor",Weekly,Increase in confidence,Increase in confidence,Increase in confidence,Increase in confidence,Helped,Yes
No,Extremely easy,Extremely difficult,Extremely easy,Extremely difficult,Extremely difficult,Somewhat difficult,No,Extremely easy,Extremely easy,Extremely easy,Extremely easy,Extremely easy,Somewhat easy,Electronic,"Title,Purpose or goal,Description of experimental procedures,Raw data,Description of data,Publication-quality images,Explanation of how data does or does not fit hypothesis","Title,Purpose or goal,Description of experimental procedures,Raw data,Description of data,Publication-quality images,Explanation of how data does or does not fit hypothesis,Paragraph-format discussion,Signature of researcher,Signature of supervisor",Weekly,Increase in confidence,Increase in confidence,Increase in confidence,Increase in confidence,Helped,Yes
Yes,Neither easy nor difficult,Extremely difficult,Neither easy nor difficult,Somewhat difficult,Somewhat difficult,Extremely easy,Yes,Extremely easy,Extremely easy,Extremely easy,Neither easy nor difficult,Somewhat easy,Somewhat easy,Electronic,"Purpose or goal,Description of experimental procedures,Raw data,Explanation of how data does or does not fit hypothesis,References for original source of protocols","Purpose or goal,Description of experimental procedures,Raw data,Description of data,Explanation of how data does or does not fit hypothesis,References for original sources of protocols",Daily,No change,No change,No change,No change,Helped,Yes
Yes,Neither easy nor difficult,Neither easy nor difficult,Neither easy nor difficult,Neither easy nor difficult,Extremely easy,Extremely easy,Yes,Extremely easy,Extremely easy,Extremely easy,Extremely easy,Extremely easy,Extremely easy,Electronic,"Purpose or goal,Description of experimental procedures,Raw data,Description of data,Publication-quality images,References for original source of protocols","Title,Purpose or goal,Description of experimental procedures,Raw data,Description of data,Publication-quality images,Explanation of how data does or does not fit hypothesis,Paragraph-format discussion,References for original sources of protocols,Signature of researcher,Signature of supervisor",Never,Increase in confidence,Increase in confidence,Increase in confidence,Increase in confidence,Helped,Unsure
Yes,Somewhat easy,Extremely easy,Extremely easy,Neither easy nor difficult,Somewhat easy,Neither easy nor difficult,No,Extremely easy,Extremely easy,Extremely easy,Neither easy nor difficult,Somewhat easy,Somewhat easy,Electronic,"Title,Purpose or goal,Description of experimental procedures,Raw data,Description of data,Publication-quality images,Explanation of how data does or does not fit hypothesis,Signature of researcher,Signature of supervisor","Title,Purpose or goal,Description of experimental procedures,Raw data,Description of data,Publication-quality images,Explanation of how data does or does not fit hypothesis,References for original sources of protocols,Signature of researcher,Signature of supervisor",Weekly,Increase in confidence,Increase in confidence,Increase in confidence,Increase in confidence,Helped,Yes
Yes,Extremely easy,Somewhat difficult,Neither easy nor difficult,Somewhat difficult,Somewhat difficult,Somewhat difficult,Yes,Neither easy nor difficult,Extremely easy,Extremely easy,Extremely easy,Extremely easy,Extremely easy,Electronic,"Title,Purpose or goal,Description of experimental procedures,Raw data,Description of data,Publication-quality images,Explanation of how data does or does not fit hypothesis,Paragraph-format discussion,References for original source of protocols,Signature of supervisor","Title,Purpose or goal,Description of experimental procedures,Raw data,Description of data,Publication-quality images,Explanation of how data does or does not fit hypothesis,Paragraph-format discussion,References for original sources of protocols,Signature of researcher,Signature of supervisor",Weekly,No change,No change,No change,No change,Helped,Yes
Yes,Extremely easy,Somewhat easy,Extremely easy,Neither easy nor difficult,Somewhat easy,Neither easy nor difficult,Yes,Extremely easy,Extremely easy,Somewhat easy,Extremely easy,Somewhat easy,Somewhat easy,Electronic,"Title,Purpose or goal,Description of experimental procedures,Raw data,Description of data,Publication-quality images,Explanation of how data does or does not fit hypothesis,Signature of researcher,Signature of supervisor","Title,Purpose or goal,Description of experimental procedures,Raw data,Description of data,Publication-quality images,Explanation of how data does or does not fit hypothesis,Paragraph-format discussion,References for original sources of protocols,Signature of researcher,Signature of supervisor",Weekly,Increase in confidence,Increase in confidence,Decrease in confidence,No change,Helped,Yes
Yes,Extremely easy,Extremely easy,Somewhat easy,Neither easy nor difficult,Somewhat difficult,Somewhat easy,Yes,Somewhat easy,Somewhat easy,Somewhat easy,Neither easy nor difficult,Extremely easy,Somewhat easy,Electronic,"Title,Purpose or goal,Description of experimental procedures,Raw data,Description of data,Explanation of how data does or does not fit hypothesis,Paragraph-format discussion,Signature of researcher","Title,Purpose or goal,Description of experimental procedures,Raw data,Description of data,Publication-quality images,Explanation of how data does or does not fit hypothesis,Paragraph-format discussion,References for original sources of protocols,Signature of researcher,Signature of supervisor",Weekly,Increase in confidence,Increase in confidence,Increase in confidence,Increase in confidence,Helped,Yes
No,Extremely easy,Somewhat easy,Extremely easy,Somewhat difficult,Extremely easy,Somewhat easy,No,Extremely easy,Extremely easy,Extremely easy,Extremely difficult,Extremely easy,Somewhat easy,Electronic,"Title,Purpose or goal,Description of experimental procedures,Raw data,Description of data,Paragraph-format discussion","Title,Purpose or goal,Description of experimental procedures,Raw data,Description of data,Publication-quality images,Explanation of how data does or does not fit hypothesis,Paragraph-format discussion,References for original sources of protocols,Signature of researcher,Signature of supervisor",Not applicable because notebook had to stay in the lab.,Increase in confidence,Increase in confidence,Increase in confidence,Increase in confidence,Helped,Yes
Yes,Somewhat easy,Extremely easy,Extremely easy,Extremely easy,Somewhat easy,Somewhat easy,No,Extremely easy,Somewhat easy,Somewhat easy,Somewhat easy,Somewhat easy,Somewhat easy,Electronic,"Title,Purpose or goal,Description of experimental procedures,Raw data,Description of data,Publication-quality images,Signature of researcher,Signature of supervisor","Title,Purpose or goal,Description of experimental procedures,Raw data,Description of data,Publication-quality images,Explanation of how data does or does not fit hypothesis,Signature of researcher,Signature of supervisor",Daily,No change,Increase in confidence,Increase in confidence,Increase in confidence,Neither,Yes
Yes,Extremely easy,Somewhat difficult,Somewhat easy,Somewhat difficult,Neither easy nor difficult,Neither easy nor difficult,No,Extremely easy,Extremely easy,Extremely easy,Somewhat easy,Extremely easy,Extremely easy,Electronic,"Title,Purpose or goal,Description of experimental procedures,Raw data,Description of data,Explanation of how data does or does not fit hypothesis,Paragraph-format discussion,Signature of supervisor","Title,Purpose or goal,Description of experimental procedures,Raw data,Description of data,Publication-quality images,Explanation of how data does or does not fit hypothesis,Paragraph-format discussion,References for original sources of protocols,Signature of researcher,Signature of supervisor",Weekly,No change,No change,Increase in confidence,Increase in confidence,Helped,Yes
Yes,Somewhat difficult,Somewhat difficult,Somewhat easy,Extremely difficult,Somewhat difficult,Somewhat difficult,Yes,Extremely easy,Extremely easy,Extremely easy,Extremely easy,Extremely easy,Extremely easy,Electronic,"Title,Purpose or goal,Description of experimental procedures,Raw data,Description of data,Publication-quality images,Explanation of how data does or does not fit hypothesis,Paragraph-format discussion,Signature of supervisor","Title,Purpose or goal,Description of experimental procedures,Raw data,Description of data,Publication-quality images,Explanation of how data does or does not fit hypothesis,Paragraph-format discussion,References for original sources of protocols,Signature of researcher,Signature of supervisor",Weekly,Increase in confidence,Increase in confidence,Increase in confidence,Increase in confidence,Helped,Yes
Yes,Neither easy nor difficult,Somewhat difficult,Neither easy nor difficult,Extremely difficult,Neither easy nor difficult,Neither easy nor difficult,No,Neither easy nor difficult,Extremely easy,Somewhat easy,Somewhat easy,Neither easy nor difficult,Neither easy nor difficult,Electronic,"Title,Purpose or goal,Description of experimental procedures,Raw data,Description of data,Explanation of how data does or does not fit hypothesis,Paragraph-format discussion","Title,Purpose or goal,Description of experimental procedures,Raw data,Description of data,Publication-quality images,Explanation of how data does or does not fit hypothesis,Paragraph-format discussion,References for original sources of protocols,Signature of researcher,Signature of supervisor",Weekly,Increase in confidence,No change,Increase in confidence,Increase in confidence,Helped,Yes
Yes,Extremely easy,Somewhat easy,Somewhat easy,Somewhat difficult,Neither easy nor difficult,Neither easy nor difficult,No,Somewhat easy,Extremely easy,Extremely easy,Somewhat easy,Extremely easy,Somewhat easy,Electronic,"Description of experimental procedures,Raw data,Description of data,Explanation of how data does or does not fit hypothesis","Title,Purpose or goal,Description of experimental procedures,Raw data,Description of data,Publication-quality images,Explanation of how data does or does not fit hypothesis,References for original sources of protocols",Weekly,No change,No change,Increase in confidence,Increase in confidence,Helped,Yes
Yes,Extremely easy,Extremely easy,Neither easy nor difficult,Neither easy nor difficult,Somewhat difficult,Somewhat easy,No,Somewhat easy,Extremely easy,Extremely easy,Somewhat easy,Somewhat easy,Somewhat easy,Electronic,"Title,Purpose or goal,Description of experimental procedures,Raw data,Description of data,Explanation of how data does or does not fit hypothesis,Paragraph-format discussion,References for original source of protocols,Signature of supervisor","Title,Purpose or goal,Description of experimental procedures,Raw data,Description of data,Publication-quality images,Explanation of how data does or does not fit hypothesis,Paragraph-format discussion,References for original sources of protocols,Signature of researcher,Signature of supervisor",Not applicable because notebook had to stay in the lab.,Increase in confidence,No change,No change,Increase in confidence,Neither,Yes
Yes,Extremely easy,Somewhat easy,Somewhat difficult,Extremely difficult,Extremely difficult,Neither easy nor difficult,Yes,Extremely easy,Extremely easy,Extremely easy,Extremely easy,Extremely easy,Extremely easy,Electronic,"Title,Purpose or goal,Description of experimental procedures,Raw data,Description of data,Publication-quality images,Explanation of how data does or does not fit hypothesis,Paragraph-format discussion,References for original source of protocols,Signature of supervisor","Title,Purpose or goal,Description of experimental procedures,Raw data,Description of data,Publication-quality images,Explanation of how data does or does not fit hypothesis,Paragraph-format discussion,References for original sources of protocols,Signature of researcher,Signature of supervisor",Weekly,Increase in confidence,Increase in confidence,Increase in confidence,Increase in confidence,Helped,Yes
Yes,Extremely easy,Extremely easy,Extremely easy,Somewhat difficult,Somewhat difficult,Extremely easy,No,Somewhat difficult,Somewhat difficult,Somewhat easy,Extremely easy,Extremely easy,Somewhat difficult,Paper,"Title,Purpose or goal,Description of experimental procedures,Raw data,Description of data,Explanation of how data does or does not fit hypothesis,Paragraph-format discussion","Title,Purpose or goal,Description of experimental procedures,Raw data,Description of data,Publication-quality images,Explanation of how data does or does not fit hypothesis,Paragraph-format discussion,References for original sources of protocols,Signature of researcher,Signature of supervisor",Weekly,No change,No change,No change,No change,Hindered,Unsure
Yes,Extremely easy,Extremely easy,Neither easy nor difficult,Neither easy nor difficult,Neither easy nor difficult,Extremely easy,No,Somewhat difficult,Somewhat easy,Somewhat easy,Somewhat easy,Somewhat easy,Somewhat difficult,Paper,"Title,Description of experimental procedures,Raw data,Explanation of how data does or does not fit hypothesis","Title,Purpose or goal,Description of experimental procedures,Raw data,Description of data,Publication-quality images,Explanation of how data does or does not fit hypothesis,Paragraph-format discussion,References for original sources of protocols,Signature of researcher,Signature of supervisor",Weekly,No change,No change,Increase in confidence,Increase in confidence,Hindered,Yes
Yes,Neither easy nor difficult,Somewhat difficult,Somewhat difficult,Somewhat difficult,Neither easy nor difficult,Somewhat difficult,No,Somewhat easy,Extremely easy,Extremely easy,Extremely easy,Somewhat easy,Somewhat easy,Electronic,"Title,Purpose or goal,Description of experimental procedures,Raw data,Description of data,Publication-quality images,Explanation of how data does or does not fit hypothesis,Paragraph-format discussion,References for original source of protocols,Signature of researcher,Signature of supervisor","Title,Purpose or goal,Description of experimental procedures,Raw data,Description of data,Publication-quality images,Explanation of how data does or does not fit hypothesis,Paragraph-format discussion,References for original sources of protocols,Signature of researcher,Signature of supervisor",Weekly,Increase in confidence,Increase in confidence,Increase in confidence,Increase in confidence,Helped,Yes
Yes,Neither easy nor difficult,Somewhat difficult,Somewhat difficult,Somewhat difficult,Neither easy nor difficult,Somewhat difficult,No,Somewhat easy,Somewhat easy,Extremely easy,Extremely easy,Extremely easy,Somewhat easy,Electronic,"Title,Purpose or goal,Description of experimental procedures,Raw data,Description of data,Publication-quality images,Explanation of how data does or does not fit hypothesis,Paragraph-format discussion,References for original source of protocols,Signature of researcher,Signature of supervisor","Title,Purpose or goal,Description of experimental procedures,Raw data,Description of data,Publication-quality images,Explanation of how data does or does not fit hypothesis,Paragraph-format discussion,References for original sources of protocols,Signature of researcher,Signature of supervisor",Weekly,Increase in confidence,Increase in confidence,Increase in confidence,Increase in confidence,Helped,Yes
Yes,Extremely easy,Extremely easy,Extremely easy,Neither easy nor difficult,Neither easy nor difficult,Extremely easy,No,Extremely easy,Extremely easy,Extremely easy,Extremely easy,Extremely easy,Somewhat easy,Paper,"Title,Purpose or goal,Description of experimental procedures,Raw data,Description of data,Publication-quality images,Paragraph-format discussion",References for original sources of protocols,Weekly,Increase in confidence,No change,Increase in confidence,Increase in confidence,Neither,Yes
No,Somewhat easy,Extremely easy,Somewhat easy,Neither easy nor difficult,Somewhat easy,Somewhat easy,,,,,,,,,,,,,,,,,
